OID_,Join_Count,TARGET_FID,Degree,gridcode,ORIG_FID,ORIG_SEQ,Shape_Length,LENGTH
2,16,1,0.000000000000000,2465,1,2,0.161308217778670,17.935440044459661
4,17,2,0.720000000000000,2454,2,2,0.160726297211900,17.872372612389061
6,19,3,1.440000000000000,2451,3,2,0.160435755543669,17.840859428754243
8,15,4,2.160000000000000,2449,4,2,0.159603110932124,17.748222518777677
10,12,5,2.880000000000000,2461,5,2,0.159339379197510,17.718018022066275
12,9,6,3.600000000000000,2477,6,2,0.159088944891918,17.688462830009765
14,9,7,4.320000000000000,2444,7,2,0.160428515707113,17.834845175186128
16,10,8,5.039999999999999,2401,8,2,0.161407966460622,17.940310598554582
18,10,9,5.760000000000000,2423,9,2,0.162032742557170,18.005471691267019
20,8,10,6.480000000000000,2401,10,2,0.162393463539245,18.040413961207282
22,6,11,7.199999999999999,2374,11,2,0.162768267294586,18.076045646368566
24,10,12,7.920000000000000,2388,12,2,0.167336771307764,18.576350823771200
26,17,13,8.640000000000001,2408,13,2,0.167707318009661,18.609543145387804
28,10,14,9.360000000000001,2414,14,2,0.167885626832362,18.620500184887604
30,6,15,10.080000000000002,2409,15,2,0.169439124078946,18.783006721190585
32,11,16,10.800000000000002,2387,16,2,0.171010032198393,18.946369684265868
34,10,17,11.520000000000003,2338,17,2,0.172878748635176,19.141608386256689
36,5,18,12.240000000000004,2283,18,2,0.174766474724072,19.337784389031476
38,5,19,12.960000000000004,2259,19,2,0.009980245378365,1.103522257707777
40,5,20,13.680000000000005,2259,20,2,0.010274892306081,1.135242080042153
42,5,21,14.400000000000002,2274,21,2,0.010013352101401,1.105455857245020
44,5,22,15.120000000000003,2274,22,2,0.010023838073885,1.105671318119933
46,7,23,15.840000000000003,2274,23,2,0.010040178461787,1.106478210795921
48,10,24,16.560000000000006,2285,24,2,0.010040573693372,1.105474498145905
50,10,25,17.280000000000005,2285,25,2,0.009792315911051,1.077069436981965
52,10,26,18.000000000000007,2285,26,2,0.010094754914176,1.109178455040459
54,10,27,18.720000000000006,2299,27,2,0.010114832745671,1.110173855923741
56,9,28,19.440000000000008,2299,28,2,0.009659591579110,1.059002481881476
58,10,29,20.160000000000007,2299,29,2,0.010157884098041,1.112311866195265
60,11,30,20.880000000000010,2299,30,2,0.010089268071260,1.103436465618930
62,12,31,21.600000000000009,2316,31,2,0.009917933187266,1.083309141388109
64,12,32,22.320000000000011,2317,32,2,0.009654590623895,1.053144197766032
66,12,33,23.040000000000010,2317,33,2,0.009679162704655,1.054371473274964
68,12,34,23.760000000000012,2317,34,2,0.009415577274162,1.024197854831628
70,12,35,24.480000000000011,2321,35,2,0.009483128325251,1.030027158253671
72,14,36,25.200000000000014,2324,36,2,0.009468087621292,1.026830041948382
74,14,37,25.920000000000012,2324,37,2,0.009495834758113,1.028224097978270
76,15,38,26.640000000000015,2324,38,2,0.009232108534746,0.998051549616682
78,15,39,27.360000000000014,2332,39,2,0.009554396271181,1.031173469570703
80,16,40,28.080000000000016,2333,40,2,0.009052613659218,0.975344517811792
82,17,41,28.800000000000011,2333,41,2,0.009026501994658,0.970818556284794
84,18,42,29.520000000000010,2333,42,2,0.009057486480720,0.972388490132843
86,19,43,30.240000000000006,2345,43,2,0.009162614281505,0.981847468264202
88,20,44,30.960000000000008,2345,44,2,0.009421083327253,1.007620332052344
90,22,45,31.680000000000003,2345,45,2,0.009156782551474,0.977438702007825
92,22,46,32.399999999999999,2345,46,2,0.009192065989106,0.979240151403753
94,23,47,33.119999999999997,2356,47,2,0.009057613793390,0.962938006844772
96,23,48,33.839999999999996,2356,48,2,0.009266046824230,0.983029022718674
98,24,49,34.559999999999988,2356,49,2,0.009304793194038,0.985019644012500
100,26,50,35.279999999999994,2368,50,2,0.009162166262068,0.967791157121094
102,26,51,35.999999999999986,2368,51,2,0.009078836963587,0.956836980132838
104,26,52,36.719999999999985,2368,52,2,0.009119893727416,0.958960422719331
106,26,53,37.439999999999984,2368,53,2,0.009162198827878,0.961153510047491
108,30,54,38.159999999999982,2385,54,2,0.009085949964521,0.950877409431156
110,30,55,38.879999999999974,2385,55,2,0.008937772921653,0.933090258180263
112,28,56,39.599999999999973,2385,56,2,0.008982445597674,0.935422941423416
114,28,57,40.319999999999972,2397,57,2,0.009187353277000,0.954337232455678
116,27,58,41.039999999999971,2397,58,2,0.009075816919635,0.940317161296093
118,27,59,41.759999999999970,2410,59,2,0.009439668783225,0.975441996722246
120,26,60,42.479999999999961,2410,60,2,0.009495994630261,0.978634278975713
122,25,61,43.199999999999960,2410,61,2,0.009549489621683,0.981464312079941
124,26,62,43.919999999999959,2422,62,2,0.009524662065579,0.976197129700301
126,26,63,44.639999999999958,2422,63,2,0.009376709480359,0.958321584361866
128,26,64,45.359999999999950,2422,64,2,0.009390822304974,0.957010003509856
130,26,65,46.079999999999949,2422,65,2,0.009448849905650,0.960114736484124
132,25,66,46.799999999999955,2441,66,2,0.009508580657800,0.963320021604893
134,25,67,47.519999999999939,2441,67,2,0.009570066599942,0.966629382697289
136,24,68,48.239999999999945,2441,68,2,0.009633361447014,0.970046476086455
138,26,69,48.959999999999944,2451,69,2,0.009698522317006,0.973575186249830
140,25,70,49.679999999999936,2451,70,2,0.009425394535480,0.943175709321456
142,24,71,50.399999999999935,2457,71,2,0.009299822579312,0.927633796936416
144,23,72,51.119999999999933,2457,72,2,0.009212216251920,0.915914033591023
146,22,73,51.839999999999925,2470,73,2,0.009518385622679,0.943240247006919
148,20,74,52.559999999999924,2470,74,2,0.009398399054973,0.928243136490755
150,21,75,53.279999999999930,2479,75,2,0.009777481663731,0.962417755762114
152,21,76,53.999999999999929,2479,76,2,0.009854736400543,0.966698360880750
154,20,77,54.719999999999921,2489,77,2,0.009934338558934,0.971124299191105
156,20,78,55.439999999999920,2489,78,2,0.010016372435770,0.975701432749664
158,21,79,56.159999999999918,2489,79,2,0.009734471485475,0.944866946800731
160,21,80,56.879999999999910,2489,80,2,0.009818479844677,0.949587816468330
162,22,81,57.599999999999909,2499,81,2,0.009905104606773,0.954473422186314
164,22,82,58.319999999999915,2499,82,2,0.009994446857511,0.959530838498082
166,21,83,59.039999999999900,2499,83,2,0.010086612890266,0.964767524577315
168,22,84,59.759999999999906,2510,84,2,0.010181715681804,0.970191414611435
170,17,85,60.479999999999905,2510,85,2,0.010279873662905,0.975810854988774
172,17,86,61.199999999999896,2510,86,2,0.010181193714885,0.962721536016708
174,14,87,61.919999999999895,2510,87,2,0.009696383371268,0.913311878561488
176,13,88,62.639999999999894,2510,88,2,0.009796354104118,0.919102141568795
178,14,89,63.359999999999886,2493,89,2,0.009500985278505,0.887854515608657
180,13,90,64.079999999999885,2321,90,2,0.002266520619974,0.210958627991934
182,13,91,64.799999999999883,2321,91,2,0.002175134915923,0.201634902863838
184,13,92,65.519999999999882,2321,92,2,0.002317403832145,0.213947725887871
186,13,93,66.239999999999881,2321,93,2,0.002135916675993,0.196382142600700
188,13,94,66.959999999999880,2321,94,2,0.002117089740273,0.193844816839956
190,13,95,67.679999999999865,2321,95,2,0.002098762575780,0.191364531804116
192,13,96,68.399999999999878,2321,96,2,0.002080922025354,0.188939943582632
194,12,97,69.119999999999877,2321,97,2,0.002063552625995,0.186569382514432
196,12,98,69.839999999999861,2321,98,2,0.002400643840088,0.216120864029405
198,11,99,70.559999999999860,2321,99,2,0.002072268977021,0.185758310194304
200,11,100,71.279999999999859,2321,100,2,0.002100522979888,0.187478380347308
202,11,101,71.999999999999858,2321,101,2,0.002344219275256,0.208320938971262
204,11,102,72.719999999999857,2321,102,2,0.002160374442813,0.191146102394081
206,11,103,73.439999999999856,2321,103,2,0.002309037315386,0.203404098033449
208,11,104,74.159999999999854,2321,104,2,0.002225099326667,0.195147294059484
210,11,105,74.879999999999853,2321,105,2,0.002259468525901,0.197285984639121
212,10,106,75.599999999999852,2307,106,2,0.001792354841750,0.155806215547627
214,10,107,76.319999999999851,2307,107,2,0.001821512715776,0.157636824609953
216,10,108,77.039999999999836,2307,108,2,0.001851939143229,0.159555619850594
218,10,109,77.759999999999835,2307,109,2,0.001887644399535,0.161905564548446
220,9,110,78.479999999999833,2297,110,2,0.001551011786644,0.132437399692699
222,9,111,79.199999999999832,2297,111,2,0.001863477193473,0.158405859859825
224,9,112,79.919999999999831,2297,112,2,0.001531568159037,0.129609068136720
226,9,113,80.639999999999830,2297,113,2,0.001840610631528,0.155064667993989
228,10,114,81.359999999999829,2622,114,2,0.014171980014580,1.188558558309518
230,10,115,82.079999999999828,2629,115,2,0.014530040712708,1.213148092956203
232,12,116,82.799999999999827,2657,116,2,0.015438126922991,1.283223961497129
234,13,117,83.519999999999811,2663,117,2,0.015486795417696,1.281555170269894
236,17,118,84.239999999999810,2690,118,2,0.016640297820676,1.370916023072191
238,22,119,84.959999999999809,2816,119,2,0.021168554562363,1.736280328424129
240,26,120,85.679999999999808,2784,120,2,0.020140539393606,1.644734858911974
242,29,121,86.399999999999807,2805,121,2,0.021866745107397,1.777927108387443
244,26,122,87.119999999999806,2805,122,2,0.021899557623958,1.772907476263523
246,35,123,87.839999999999804,2826,123,2,0.024610436007083,1.983825170136889
248,36,124,88.559999999999803,2826,124,2,0.024548183970748,1.970414280946100
250,29,125,89.279999999999802,2802,125,2,0.024488203396488,1.957349974232506
252,22,126,89.999999999999801,2799,126,2,0.025204634582898,2.006252919540048
254,21,127,90.719999999999800,2613,127,2,0.017197847288584,1.363346362799894
256,21,128,91.439999999999785,2597,128,2,0.016918727325777,1.335804904106284
258,21,129,92.159999999999783,2597,129,2,0.017475587222550,1.374284894354599
260,18,130,92.879999999999782,2582,130,2,0.017196276898826,1.347037012455359
262,16,131,93.599999999999781,2559,131,2,0.017437315065891,1.360680012501285
264,16,132,94.319999999999780,2558,132,2,0.017534964536171,1.363159709440087
266,20,133,95.039999999999779,2522,133,2,0.016259570973156,1.259372232245230
268,22,134,95.759999999999764,2521,134,2,0.016966868225455,1.309442974751955
270,20,135,96.479999999999762,2518,135,2,0.017661088427539,1.358261495350694
272,18,136,97.199999999999761,2499,136,2,0.017351087022759,1.329897494979709
274,19,137,97.919999999999760,2476,137,2,0.017017501920761,1.300046489948882
276,19,138,98.639999999999773,2456,138,2,0.016656354908926,1.268420352392857
278,21,139,99.359999999999772,2436,139,2,0.016433252073561,1.247607193961383
280,24,140,100.079999999999771,2414,140,2,0.016958736659827,1.283725047893988
282,22,141,100.799999999999756,2414,141,2,0.016805553066468,1.268563717101330
284,24,142,101.519999999999754,2391,142,2,0.016367287839393,1.232185680006975
286,20,143,102.239999999999753,2369,143,2,0.016279983289521,1.222515806402463
288,16,144,102.959999999999752,2351,144,2,0.016247608694606,1.217180531984346
290,15,145,103.679999999999751,2351,145,2,0.016607780850388,1.241390652852483
292,10,146,104.399999999999750,2334,146,2,0.016190045383413,1.207663014012067
294,7,147,105.119999999999735,2263,147,2,0.001337647719986,0.099590735759878
296,7,148,105.839999999999733,2260,148,2,0.001471105928585,0.109336845431542
298,7,149,106.559999999999732,2251,149,2,0.000497043540940,0.036884111514238
300,8,150,107.279999999999731,2251,150,2,0.000496494424535,0.036792546505906
302,9,151,107.999999999999730,2251,151,2,0.000217581631020,0.016104584122214
304,10,152,108.719999999999743,2251,152,2,0.000495627817968,0.036647782628319
306,11,153,109.439999999999714,2251,153,2,0.000217270046831,0.016052482164694
308,14,154,110.159999999999712,2251,154,2,0.000495075702507,0.036555388685745
310,18,155,110.879999999999725,2398,155,2,0.091342959092378,6.741781433226263
312,37,156,111.599999999999724,2402,156,2,0.090495997316394,6.678082555180553
314,25,157,112.319999999999723,2396,157,2,0.089108766206835,6.575945526719574
316,23,158,113.039999999999722,2417,158,2,0.088292128791119,6.517321691714024
318,27,159,113.759999999999707,2448,159,2,0.088046237834477,6.502237371822374
320,38,160,114.479999999999706,2448,160,2,0.089206106877664,6.592472608294577
322,43,161,115.199999999999704,2491,161,2,0.092053176902170,6.809142954333645
324,42,162,115.919999999999703,2541,162,2,0.094364579488085,6.988133648446584
326,36,163,116.639999999999702,2514,163,2,0.094188497503951,6.984688067643216
328,30,164,117.359999999999729,2484,164,2,0.094029780258855,6.984109701357238
330,25,165,118.079999999999728,2449,165,2,0.093329463242519,6.944810703596947
332,20,166,118.799999999999741,2424,166,2,0.093485423909120,6.970786841488501
334,25,167,119.519999999999740,2467,167,2,0.120037346635460,8.971510501109124
336,22,168,120.239999999999768,2417,168,2,0.095823614704286,7.179647515111332
338,20,169,120.959999999999766,2423,169,2,0.095761251437913,7.194731460883395
340,20,170,121.679999999999794,2445,170,2,0.095436143055359,7.191669895492805
342,20,171,122.399999999999793,2513,171,2,0.095267700936081,7.201979138665816
344,37,172,123.119999999999806,2585,172,2,0.100862792394606,7.651157128268657
346,27,173,123.839999999999804,2637,173,2,0.097424498227829,7.417227790332512
348,18,174,124.559999999999832,2466,174,2,0.049419597368489,3.776615419094872
350,21,175,125.279999999999831,2497,175,2,0.049600548932206,3.805860445817542
352,22,176,125.999999999999858,2489,176,2,0.049506288457078,3.814861633360185
354,22,177,126.719999999999857,2490,177,2,0.049423066219731,3.825494047236961
356,21,178,127.439999999999870,2530,178,2,0.049641804911793,3.860381507267353
358,22,179,128.159999999999883,2519,179,2,0.049886867855144,3.898310281440251
360,17,180,128.879999999999882,2461,180,2,0.049535695455453,3.890409580643528
362,33,181,129.599999999999909,2758,181,2,0.122078652817770,9.639670343045212
364,37,182,130.319999999999908,2805,182,2,0.115846285712132,9.196825975289531
366,38,183,131.039999999999907,2771,183,2,0.109830414289463,8.767646928437475
368,32,184,131.759999999999934,2785,184,2,0.102614925707119,8.238382624515678
370,29,185,132.479999999999933,2832,185,2,0.097234956927999,7.852204323396505
372,24,186,133.199999999999960,2840,186,2,0.096070069600404,7.804792355979472
374,24,187,133.919999999999959,2807,187,2,0.094412856668296,7.717307886320429
376,9,188,134.639999999999958,2513,188,2,0.046544524320774,3.827922490714699
378,16,189,135.359999999999985,2542,189,2,0.045975746898777,3.805319547218599
380,24,190,136.079999999999984,2585,190,2,0.045725458538646,3.809218142869546
382,32,191,136.800000000000011,2626,191,2,0.045531119680910,3.818080825963682
384,38,192,137.520000000000010,2598,192,2,0.044795431925141,3.781539196980767
386,40,193,138.240000000000009,2558,193,2,0.042779772460750,3.635848724377204
388,34,194,138.960000000000036,2544,194,2,0.040596283650508,3.473905138865284
390,36,195,139.680000000000035,2523,195,2,0.039697066945804,3.420457508120207
392,34,196,140.400000000000034,2495,196,2,0.037198269003474,3.227491162364039
394,30,197,141.120000000000061,2514,197,2,0.036537881792102,3.192455648802043
396,29,198,141.840000000000060,2524,198,2,0.034244555935691,3.013192698875023
398,29,199,142.560000000000088,2524,199,2,0.033972192352408,3.010425017192337
400,28,200,143.280000000000086,2514,200,2,0.033705467578081,3.008030813616899
402,27,201,144.000000000000114,2509,201,2,0.033444362466214,3.005989681970047
404,26,202,144.720000000000113,2493,202,2,0.033188855081331,3.004281370407738
406,23,203,145.440000000000140,2475,203,2,0.032938930725528,3.002886684737458
408,21,204,146.160000000000139,2475,204,2,0.032326309538836,2.967972641884441
410,21,205,146.880000000000138,2466,205,2,0.032081762234345,2.966378365043526
412,19,206,147.600000000000165,2450,206,2,0.031462344293209,2.929609873037867
414,22,207,148.320000000000164,2455,207,2,0.031221720162220,2.927580538306689
416,24,208,149.040000000000163,2468,208,2,0.030985824431002,2.925683700696120
418,22,209,149.760000000000190,2471,209,2,0.030354039933413,2.885813189478534
420,21,210,150.480000000000189,2452,210,2,0.029732368521094,2.846037572834278
422,21,211,151.200000000000216,2437,211,2,0.029056577852120,2.800164536578994
424,22,212,151.920000000000215,2414,212,2,0.028387660811563,2.753987236937056
426,27,213,152.640000000000214,2392,213,2,0.027257585950988,2.661794730134477
428,21,214,153.360000000000241,2368,214,2,0.025072367057617,2.464310381503456
430,20,215,154.080000000000240,2371,215,2,0.022183835068980,2.194344617884509
432,15,216,154.800000000000267,2388,216,2,0.019869682944681,1.977790768044343
434,13,217,155.520000000000266,2406,217,2,0.019943253566622,1.997366400503438
436,13,218,156.240000000000265,2422,218,2,0.019346805456645,1.949348541384010
438,13,219,156.960000000000292,2426,219,2,0.019080836487865,1.933927103764413
440,13,220,157.680000000000291,2444,220,2,0.018608040165588,1.896909700361363
442,14,221,158.400000000000290,2450,221,2,0.018115453702100,1.857106757835273
444,10,222,159.120000000000317,2455,222,2,0.017800114185354,1.834796343616787
446,11,223,159.840000000000316,2469,223,2,0.017607901488024,1.824665796493245
448,12,224,160.560000000000343,2473,224,2,0.017674906004718,1.841087115821304
450,11,225,161.280000000000342,2480,225,2,0.017252309241029,1.806068306032791
452,11,226,162.000000000000369,2490,226,2,0.017088331592303,1.797556534152981
454,11,227,162.720000000000368,2495,227,2,0.016933200967454,1.789542068020445
456,11,228,163.440000000000396,2510,228,2,0.016592624570081,1.761407202496906
458,11,229,164.160000000000394,2512,229,2,0.016648496483863,1.774931467914384
460,10,230,164.880000000000393,2515,230,2,0.015951744743002,1.707633109478643
462,11,231,165.600000000000421,2528,231,2,0.015998269057192,1.719315790338537
464,10,232,166.320000000000420,2538,232,2,0.015988359031318,1.724635980907795
466,11,233,167.040000000000418,2542,233,2,0.015591759456894,1.687767321846948
468,11,234,167.760000000000446,2542,234,2,0.015496021882096,1.682957704048250
470,12,235,168.480000000000445,2546,235,2,0.015316624875556,1.668636733486091
472,11,236,169.200000000000472,2562,236,2,0.015325441154689,1.674427807947578
474,12,237,169.920000000000471,2565,237,2,0.014679555422049,1.608158394942625
476,14,238,170.640000000000470,2572,238,2,0.014897772232926,1.636087529846201
478,18,239,171.360000000000497,2584,239,2,0.014837012434861,1.633077272200730
480,23,240,172.080000000000496,2569,240,2,0.015064492976647,1.661478938050494
482,26,241,172.800000000000523,2567,241,2,0.015015379589803,1.659055512809803
484,25,242,173.520000000000522,2566,242,2,0.014972550257738,1.656945744121219
486,27,243,174.240000000000521,2569,243,2,0.015215447157356,1.686119097744547
488,24,244,174.960000000000548,2565,244,2,0.015463360230459,1.715541106419548
490,20,245,175.680000000000547,2563,245,2,0.015438095236231,1.714301195500944
492,14,246,176.400000000000546,2567,246,2,0.015697258384082,1.744277613271112
494,17,247,177.120000000000573,2568,247,2,0.015905698313174,1.768255799391031
496,10,248,177.840000000000572,2558,248,2,0.015677664434810,1.743317444739075
498,11,249,178.560000000000599,2557,249,2,0.016232913723423,1.805080836900455
500,11,250,179.280000000000598,2559,250,2,0.016516979907611,1.836278142543799
502,12,251,180.000000000000597,2565,251,2,0.016807981728390,1.867815448557524
504,11,252,180.720000000000653,2575,252,2,0.016549371877817,1.837866116785994
506,11,253,181.440000000000651,2588,253,2,0.017133249281630,1.901034280367206
508,10,254,182.160000000000650,2590,254,2,0.016887674553149,1.871727036141151
510,11,255,182.880000000000649,2593,255,2,0.017207837103638,1.904700548293686
512,14,256,183.600000000000676,2611,256,2,0.017817218268407,1.969129352632415
514,14,257,184.320000000000675,2602,257,2,0.017873589229835,1.971910260115938
516,15,258,185.040000000000674,2594,258,2,0.018785465867304,2.068457133087477
518,13,259,185.760000000000673,2588,259,2,0.018859701845247,2.072133797603753
520,15,260,186.480000000000729,2579,260,2,0.019226751285308,2.107452372206859
522,14,261,187.200000000000728,2567,261,2,0.019574350283026,2.140029981285565
524,14,262,187.920000000000726,2560,262,2,0.019416895419462,2.116927674856361
526,16,263,188.640000000000725,2565,263,2,0.019923113850017,2.165667686679725
528,15,264,189.360000000000724,2554,264,2,0.020513145333941,2.222753829099518
530,15,265,190.080000000000780,2544,265,2,0.020642383592127,2.229262086907826
532,16,266,190.800000000000779,2558,266,2,0.021665563587879,2.331487122033492
534,13,267,191.520000000000778,2547,267,2,0.022116070203650,2.371121544884762
536,12,268,192.240000000000776,2549,268,2,0.022527379557641,2.405815657113206
538,10,269,192.960000000000804,2321,269,2,0.004656877300831,0.495304734691378
540,9,270,193.680000000000803,2321,270,2,0.004391119590535,0.465060864062763
542,9,271,194.400000000000801,2340,271,2,0.004722740538891,0.497982919951613
544,9,272,195.120000000000800,2340,272,2,0.004542274536109,0.476771546610921
546,10,273,195.840000000000856,2340,273,2,0.004823666663303,0.503922776068092
548,10,274,196.560000000000855,2343,274,2,0.004239898325216,0.440784986585579
550,10,275,197.280000000000854,2343,275,2,0.004283190670312,0.443058509620990
552,10,276,198.000000000000853,2343,276,2,0.004006457187270,0.412302641594920
554,12,277,198.720000000000908,2369,277,2,0.004376251735682,0.447983736571472
556,13,278,199.440000000000907,2369,278,2,0.004426156543694,0.450645869695659
558,15,279,200.160000000000906,2369,279,2,0.004130622596234,0.418234213134855
560,15,280,200.880000000000905,2369,280,2,0.004022418063830,0.404982421418252
562,16,281,201.600000000000932,2369,281,2,0.004398677438434,0.440319824828391
564,17,282,202.320000000000931,2370,282,2,0.004304006278317,0.428322030891449
566,17,283,203.040000000000930,2370,283,2,0.004361868754536,0.431497925863684
568,17,284,203.760000000000929,2370,284,2,0.004101403717317,0.403280124876686
570,17,285,204.480000000000985,2376,285,2,0.004124834255538,0.403098930552628
572,19,286,205.200000000000983,2376,286,2,0.003932767787498,0.381943655221307
574,19,287,205.920000000000982,2376,287,2,0.004248947254542,0.410059194760199
576,19,288,206.640000000000981,2376,288,2,0.004193993495020,0.402186644306575
578,18,289,207.360000000000980,2376,289,2,0.004118376377317,0.392404659525646
580,18,290,208.080000000001036,2385,290,2,0.004067018157272,0.385007280555756
582,18,291,208.800000000001035,2385,291,2,0.004135985027962,0.388987753572943
584,18,292,209.520000000001033,2385,292,2,0.003915919837363,0.365878497545178
586,18,293,210.240000000001032,2397,293,2,0.003873002877333,0.359486338237935
588,18,294,210.960000000001060,2397,294,2,0.003944280308896,0.363682241019082
590,19,295,211.680000000001058,2397,295,2,0.004018854859548,0.368101495977983
592,18,296,212.400000000001057,2397,296,2,0.003693296381729,0.336034684230548
594,19,297,213.120000000001056,2401,297,2,0.003644697101931,0.329407573882872
596,19,298,213.840000000001112,2401,298,2,0.003812383322094,0.342272003902689
598,18,299,214.560000000001111,2401,299,2,0.003554795317798,0.317026052408734
600,17,300,215.280000000001110,2401,300,2,0.003857018544676,0.341699769211111
602,17,301,216.000000000001108,2409,301,2,0.003473702956191,0.305708094821310
604,17,302,216.720000000001164,2409,302,2,0.003436153695829,0.300414648825590
606,16,303,217.440000000001163,2409,303,2,0.003400457544751,0.295349210467646
608,16,304,218.160000000001162,2409,304,2,0.003695967579735,0.318930284731274
610,15,305,218.880000000001161,2409,305,2,0.003660530617340,0.313835628946998
612,15,306,219.600000000001188,2409,306,2,0.003303538856364,0.281418612600827
614,15,307,220.320000000001187,2409,307,2,0.003594768748284,0.304290468987407
616,16,308,221.040000000001186,2427,308,2,0.003683383463110,0.309841152458762
618,17,309,221.760000000001185,2427,309,2,0.003785965789767,0.316502962614849
620,17,310,222.480000000001240,2427,310,2,0.003507689519471,0.291452507833906
622,17,311,223.200000000001239,2427,311,2,0.003791790247404,0.313167926679475
624,17,312,223.920000000001238,2438,312,2,0.003490200769517,0.286557631594506
626,16,313,224.640000000001237,2438,313,2,0.003432826615125,0.280212943432288
628,16,314,225.360000000001236,2442,314,2,0.003717373511962,0.301714675417336
630,16,315,226.080000000001291,2442,315,2,0.003842488835399,0.310133056837285
632,17,316,226.800000000001290,2442,316,2,0.003969172686509,0.318614013246308
634,17,317,227.520000000001289,2442,317,2,0.003946483506974,0.315109367039538
636,17,318,228.240000000001288,2442,318,2,0.003924972897421,0.311769237565442
638,17,319,228.960000000001315,2442,319,2,0.003623126722105,0.286343495121609
640,18,320,229.680000000001314,2442,320,2,0.003769369544906,0.296445315777553
642,16,321,230.400000000001313,2431,321,2,0.003927724641781,0.307436660958788
644,16,322,231.120000000001312,2431,322,2,0.004141089826716,0.322653925001377
646,16,323,231.840000000001368,2419,323,2,0.004413627140348,0.342370772041886
648,15,324,232.560000000001367,2411,324,2,0.004684862408288,0.361867510962541
650,14,325,233.280000000001365,2381,325,2,0.004717457206832,0.362900068326668
652,14,326,234.000000000001364,2387,326,2,0.004965889452424,0.380521590425279
654,14,327,234.720000000001420,2387,327,2,0.005241287130248,0.400130505065389
656,14,328,235.440000000001419,2387,328,2,0.005475242483167,0.416512700579631
658,14,329,236.160000000001418,2387,329,2,0.004891085008466,0.370827332858765
660,15,330,236.880000000001417,2387,330,2,0.004877728943740,0.368645292044507
662,16,331,237.600000000001444,2387,331,2,0.005207586049243,0.392406054433437
664,15,332,238.320000000001443,2385,332,2,0.005699652808533,0.428292374849210
666,13,333,239.040000000001442,2380,333,2,0.006056238614176,0.453913058787615
668,12,334,239.760000000001440,2378,334,2,0.006590637178755,0.492788750881509
670,12,335,240.480000000001496,2379,335,2,0.007067082250547,0.527258345776540
672,12,336,241.200000000001495,2379,336,2,0.006775853453596,0.504525964721235
674,12,337,241.920000000001494,2379,337,2,0.007045421858988,0.523660587262759
676,13,338,242.640000000001493,2358,338,2,0.007186819920441,0.533322466280808
678,18,339,243.360000000001492,2381,339,2,0.008291643062832,0.614456446146899
680,19,340,244.080000000001547,2387,340,2,0.008692613969856,0.643405215208544
682,19,341,244.800000000001546,2387,341,2,0.008685785873308,0.642263228778263
684,23,342,245.520000000001545,2588,342,2,0.021470665107009,1.586380337285097
686,31,343,246.240000000001544,2606,343,2,0.021183702295740,1.564240380753383
688,38,344,246.960000000001571,2606,344,2,0.021175919739652,1.563032611538603
690,43,345,247.680000000001570,2604,345,2,0.021172411332643,1.562440793855777
692,41,346,248.400000000001569,2610,346,2,0.021172063211306,1.562378490517360
694,46,347,249.120000000001568,2627,347,2,0.021174830586120,1.562838233138835
696,38,348,249.840000000001623,2641,348,2,0.020902778023552,1.543295463897094
698,36,349,250.560000000001622,2645,349,2,0.020911539085159,1.544758611774082
700,35,350,251.280000000001621,2643,350,2,0.020366930085475,1.505591032546674
702,34,351,252.000000000001620,2649,351,2,0.020659554730980,1.528567608247478
704,33,352,252.720000000001676,2666,352,2,0.020200656255249,1.496186110091071
706,35,353,253.440000000001675,2666,353,2,0.020139302750528,1.493458638329687
708,34,354,254.160000000001673,2683,354,2,0.020161657839364,1.497180401731994
710,33,355,254.880000000001672,2713,355,2,0.020466255627347,1.522137827656944
712,35,356,255.600000000001700,2722,356,2,0.020494417745439,1.526812796605674
714,35,357,256.320000000001698,2563,357,2,0.014358062670751,1.071640134976928
716,36,358,257.040000000001726,2567,358,2,0.014662355526253,1.096527177798217
718,36,359,257.760000000001696,2570,359,2,0.015532098128848,1.164042490434364
720,37,360,258.480000000001723,2599,360,2,0.017816041783729,1.338230232550326
722,37,361,259.200000000001751,2599,361,2,0.017852036456279,1.344146292884916
724,36,362,259.920000000001778,2585,362,2,0.018264489714289,1.378668822621226
726,37,363,260.640000000001749,2534,363,2,0.017930984533091,1.357073657668030
728,44,364,261.360000000001776,2481,364,2,0.017689623326433,1.342503040798925
730,50,365,262.080000000001803,2481,365,2,0.018019214156830,1.371443724989604
732,49,366,262.800000000001774,2440,366,2,0.017781034306073,1.357348974821584
734,50,367,263.520000000001801,2430,367,2,0.017585102357097,1.346530163829511
736,50,368,264.240000000001771,2423,368,2,0.017594236586123,1.351513590320219
738,50,369,264.960000000001855,2397,369,2,0.017358877041684,1.337799151761674
740,49,370,265.680000000001826,2397,370,2,0.017557590624587,1.357660961551877
742,50,371,266.400000000001853,2374,371,2,0.017469730925005,1.355521108718765
744,53,372,267.120000000001824,2356,372,2,0.017253478960857,1.343460249264280
746,54,373,267.840000000001851,2304,373,2,0.017571917546876,1.373179048078182
748,67,374,268.560000000001878,2493,374,2,0.126998678920249,9.958159449593365
750,67,375,269.280000000001905,2562,375,2,0.126295017826361,9.939948153813379
752,66,376,270.000000000001876,2587,376,2,0.125303898142746,9.899374827220862
754,72,377,270.720000000001903,2641,377,2,0.124614597363658,9.882849785659298
756,71,378,271.440000000001930,2676,378,2,0.123932575680199,9.867161018634141
758,70,379,272.160000000001901,2376,379,2,0.032956473977926,2.634920471236546
760,71,380,272.880000000001928,2392,380,2,0.032577086220445,2.615018627484088
762,79,381,273.600000000001955,2405,381,2,0.032642734429846,2.630889323827530
764,87,382,274.320000000001983,2409,382,2,0.033068924316701,2.676121581418084
766,91,383,275.040000000001953,2402,383,2,0.032945216914998,2.677094146036481
768,97,384,275.760000000001980,2399,384,2,0.032875221920686,2.682495725971733
770,95,385,276.480000000002008,2368,385,2,0.032793413637204,2.687003576097210
772,94,386,277.200000000001978,2366,386,2,0.032720716443235,2.692318743527521
774,88,387,277.920000000002005,2358,387,2,0.032675319454810,2.699945272480239
776,88,388,278.640000000002033,2366,388,2,0.032600327067306,2.705183188344258
778,89,389,279.360000000002003,2366,389,2,0.032551596055798,2.712647918587350
780,90,390,280.080000000002030,2367,390,2,0.032577357914906,2.726396123168069
782,90,391,280.800000000002058,2354,391,2,0.032761668448340,2.753564848888368
784,88,392,281.520000000002028,2360,392,2,0.032631867724125,2.754426040416737
786,86,393,282.240000000002055,2367,393,2,0.032824644719904,2.782600851778005
788,87,394,282.960000000002083,2363,394,2,0.033022704750760,2.811424075383250
790,87,395,283.680000000002110,2373,395,2,0.032928618498195,2.815467638169904
792,92,396,284.400000000002080,2369,396,2,0.032912869529519,2.826214648974685
794,94,397,285.120000000002108,2376,397,2,0.032991329557315,2.845113985763053
796,96,398,285.840000000002135,2384,398,2,0.033538721551605,2.904715209995897
798,93,399,286.560000000002105,2396,399,2,0.033397436493512,2.904856217293736
800,93,400,287.280000000002133,2396,400,2,0.033393511396856,2.916913065393835
802,95,401,288.000000000002160,2417,401,2,0.033394182689968,2.929387997285569
804,93,402,288.720000000002187,2442,402,2,0.033449580328522,2.946696501791743
806,96,403,289.440000000002158,2493,403,2,0.033882011755406,2.997405184608307
808,98,404,290.160000000002185,2493,404,2,0.034284397996435,3.045769017159969
810,96,405,290.880000000002156,2504,405,2,0.033900031654696,3.024248866264826
812,99,406,291.600000000002240,2517,406,2,0.034369947593809,3.078956957362330
814,104,407,292.320000000002210,2516,407,2,0.034368916000533,3.091641327263608
816,108,408,293.040000000002237,2526,408,2,0.034400163370587,3.107222445270983
818,109,409,293.760000000002208,2536,409,2,0.034421010504351,3.121861032632249
820,110,410,294.480000000002235,2542,410,2,0.034445519322791,3.136821365059034
822,105,411,295.200000000002262,2548,411,2,0.034045669070764,3.112970076215852
824,110,412,295.920000000002233,2595,412,2,0.034505065133339,3.167663616967940
826,107,413,296.640000000002260,2634,413,2,0.034539895376378,3.183525468101631
828,107,414,297.360000000002287,2661,414,2,0.034935968574279,3.232793341726778
830,113,415,298.080000000002315,2668,415,2,0.035028587907562,3.254112848957989
832,109,416,298.800000000002285,2650,416,2,0.034663513055042,3.232764671802951
834,106,417,299.520000000002312,2608,417,2,0.033978829924362,3.181175695999424
836,106,418,300.240000000002283,2590,418,2,0.033912470213118,3.187141330194657
838,105,419,300.960000000002367,2589,419,2,0.034027979773823,3.210153081352188
840,103,420,301.680000000002337,2564,420,2,0.033387489108852,3.161597344057533
842,107,421,302.400000000002365,2566,421,2,0.033386015587708,3.173252170058884
844,107,422,303.120000000002335,2550,422,2,0.033461531335159,3.192178677453950
846,106,423,303.840000000002362,2498,423,2,0.033160567702868,3.175038752667943
848,107,424,304.560000000002390,2496,424,2,0.033130250557365,3.183618105828563
850,109,425,305.280000000002417,2444,425,2,0.032651564968261,3.148859259081182
852,106,426,306.000000000002387,2425,426,2,0.032678573255583,3.162628294355153
854,99,427,306.720000000002415,2384,427,2,0.032096679371827,3.117198576594245
856,98,428,307.440000000002442,2554,428,2,0.094938226101230,9.251232095496514
858,107,429,308.160000000002412,2572,429,2,0.095261151883676,9.314496061367810
860,107,430,308.880000000002440,2589,430,2,0.094881513055752,9.308787862522310
862,113,431,309.600000000002467,2982,431,2,0.200882520406565,19.771012368091682
864,116,432,310.320000000002494,2610,432,2,0.095107676008787,9.393098865108357
866,118,433,311.040000000002465,2616,433,2,0.095373777079193,9.450091925750348
868,122,434,311.760000000002492,2623,434,2,0.095653730871108,9.508334306991998
870,127,435,312.480000000002519,2638,435,2,0.095599267976475,9.533105608652189
872,135,436,313.200000000002490,2637,436,2,0.095305157087009,9.533561404755011
874,127,437,313.920000000002517,2610,437,2,0.095134569037201,9.545909585424146
876,123,438,314.640000000002544,2579,438,2,0.094024436990353,9.463279655406327
878,123,439,315.360000000002515,2564,439,2,0.093419648883640,9.430656649040182
880,127,440,316.080000000002542,2568,440,2,0.093164750428535,9.432762549397834
882,94,441,316.800000000002569,2548,441,2,0.091928319615179,9.334726809440024
884,38,442,317.520000000002540,2514,442,2,0.090175732316706,9.183073085293683
886,24,443,318.240000000002567,2497,443,2,0.089525970677169,9.142681871240624
888,32,444,318.960000000002594,2666,444,2,0.152684627549111,15.634920350339133
890,38,445,319.680000000002622,2685,445,2,0.151272158847261,15.532743404335299
892,29,446,320.400000000002592,2765,446,2,0.199942065834267,20.584476290607288
894,27,447,321.120000000002619,2469,447,2,0.087543067642322,9.037673214059284
896,29,448,321.840000000002647,2493,448,2,0.087399389379094,9.046317254895021
898,29,449,322.560000000002617,2523,449,2,0.087474392699192,9.077225918666601
900,27,450,323.280000000002644,2547,450,2,0.087230049085278,9.074601003988279
902,24,451,324.000000000002672,2560,451,2,0.087338366620208,9.108268080956575
904,25,452,324.720000000002699,2581,452,2,0.087343851310622,9.130879975701522
906,25,453,325.440000000002669,2596,453,2,0.087724028172780,9.192390130987199
908,31,454,326.160000000002697,2619,454,2,0.087491952454131,9.189416007519329
910,39,455,326.880000000002667,2644,455,2,0.087882164787512,9.251461647554660
912,44,456,327.600000000002751,2662,456,2,0.087498455684796,9.231666305371645
914,54,457,328.320000000002722,2682,457,2,0.088041154150073,9.309262622659640
916,53,458,329.040000000002749,2710,458,2,0.087371782814362,9.258293598222599
918,56,459,329.760000000002719,2660,459,2,0.088833862366769,9.432957478931772
920,46,460,330.480000000002747,2638,460,2,0.089086479521509,9.479185089741293
922,36,461,331.200000000002774,2611,461,2,0.083640136694982,8.917541112606795
924,31,462,331.920000000002801,2620,462,2,0.082511127649698,8.814402454559376
926,27,463,332.640000000002772,2637,463,2,0.082130469940846,8.790515246460810
928,22,464,333.360000000002799,2647,464,2,0.081246093403704,8.712085967901755
930,24,465,334.080000000002826,2644,465,2,0.081450643857139,8.749907436381017
932,21,466,334.800000000002797,2594,466,2,0.081898250291759,8.813585948717312
934,23,467,335.520000000002824,2596,467,2,0.091020028744291,9.812110914024222
936,32,468,336.240000000002794,2598,468,2,0.091589374553877,9.890071191471471
938,36,469,336.960000000002879,2592,469,2,0.091483350696787,9.894757585418192
940,36,470,337.680000000002849,2575,470,2,0.091938141530102,9.959724265089818
942,34,471,338.400000000002876,2588,471,2,0.092837318154581,10.072619549313261
944,34,472,339.120000000002847,2593,472,2,0.093123471784464,10.118756236534267
946,37,473,339.840000000002874,2631,473,2,0.093488845253437,10.173155508717610
948,36,474,340.560000000002901,2639,474,2,0.093535775737711,10.192515224166161
950,34,475,341.280000000002929,2604,475,2,0.093590433889732,10.212276849991488
952,36,476,342.000000000002899,2584,476,2,0.093652780803237,10.232436728031427
954,33,477,342.720000000002926,2544,477,2,0.093436663849423,10.221691534769642
956,30,478,343.440000000002954,2527,478,2,0.093800415165535,10.273938996707706
958,28,479,344.160000000002924,2525,479,2,0.094169571198291,10.326409687261698
960,26,480,344.880000000002951,2516,480,2,0.094547051067059,10.379418876695940
962,24,481,345.600000000002979,2524,481,2,0.094646313892966,10.401472230934505
964,21,482,346.320000000003006,2524,482,2,0.095036390243750,10.455067361337729
966,20,483,347.040000000002976,2518,483,2,0.094867629261794,10.446733272254601
968,19,484,347.760000000003004,2492,484,2,0.094707432380623,10.438829676565266
970,20,485,348.480000000003031,2456,485,2,0.095119284725598,10.493523445249314
972,20,486,349.200000000003001,2438,486,2,0.095256485722117,10.517489000959719
974,19,487,349.920000000003029,2438,487,2,0.095682226097403,10.572878902689069
976,17,488,350.640000000003056,2440,488,2,0.096114809117921,10.628610617716358
978,15,489,351.360000000003026,2444,489,2,0.096274097857824,10.653678061478548
980,14,490,352.080000000003054,2447,490,2,0.096720953307083,10.710119545157097
982,12,491,352.800000000003081,2451,491,2,0.096336128468992,10.673977386962964
984,12,492,353.520000000003051,2467,492,2,0.096798092289886,10.731166699792968
986,13,493,354.240000000003079,2472,493,2,0.096686767614771,10.724324008652108
988,12,494,354.960000000003106,2453,494,2,0.096070833441456,10.660973522381941
990,12,495,355.680000000003133,2434,495,2,0.095998767899515,10.657444572334397
992,15,496,356.400000000003104,2511,496,2,0.164075226764641,18.221923012959653
994,17,497,357.120000000003131,2530,497,2,0.164609673857513,18.287240931890672
996,27,498,357.840000000003158,2546,498,2,0.164249546816197,18.252328029904159
998,29,499,358.560000000003129,2540,499,2,0.164181488124528,18.249004139721542
1000,21,500,359.280000000003156,2502,500,2,0.162459713110238,18.060972325538284
1002,16,501,360.000000000003183,2465,501,2,0.161308217778670,17.935440044459661
